{
	"song": {
		"player1": "bf",
		"player2": "jorsawsee",
		"notes": [
			{
				"lengthInSteps": 16,
				"sectionNotes": [
					[
						0,
						4,
						0
					],
					[
						230.769230769231,
						4,
						0
					],
					[
						461.538461538462,
						6,
						0
					],
					[
						807.692307692308,
						6,
						0
					],
					[
						1038.46153846154,
						7,
						0
					],
					[
						1153.84615384615,
						5,
						0
					],
					[
						1384.61538461538,
						6,
						0
					],
					[
						692.307692307692,
						3,
						0
					],
					[
						807.692307692308,
						1,
						0
					],
					[
						923.076923076923,
						0,
						0
					],
					[
						1038.46153846154,
						1,
						0
					],
					[
						1153.84615384615,
						0,
						0
					],
					[
						1269.23076923077,
						3,
						0
					],
					[
						1326.92307692308,
						2,
						0
					],
					[
						1384.61538461538,
						1,
						0
					],
					[
						1615.38461538462,
						0,
						0
					],
					[
						1730.76923076923,
						0,
						0
					]
				],
				"mustHitSection": true
			},
			{
				"lengthInSteps": 16,
				"sectionNotes": [
					[
						1846.15384615385,
						4,
						0
					],
					[
						2076.92307692308,
						4,
						0
					],
					[
						2307.69230769231,
						6,
						0
					],
					[
						2653.84615384615,
						6,
						0
					],
					[
						2884.61538461538,
						7,
						0
					],
					[
						3000,
						5,
						0
					],
					[
						3230.76923076923,
						6,
						0
					],
					[
						2076.92307692308,
						0,
						0
					],
					[
						2192.30769230769,
						3,
						0
					],
					[
						2307.69230769231,
						1,
						0
					],
					[
						2423.07692307692,
						2,
						0
					],
					[
						2538.46153846154,
						2,
						0
					],
					[
						2653.84615384615,
						2,
						0
					],
					[
						3000,
						0,
						0
					],
					[
						3115.38461538462,
						3,
						0
					],
					[
						3230.76923076923,
						2,
						0
					],
					[
						3288.46153846154,
						1,
						0
					],
					[
						3461.53846153846,
						3,
						0
					],
					[
						3576.92307692308,
						1,
						0
					]
				],
				"mustHitSection": true
			},
			{
				"lengthInSteps": 16,
				"sectionNotes": [
					[
						3692.30769230769,
						4,
						0
					],
					[
						3923.07692307692,
						4,
						0
					],
					[
						4153.84615384615,
						6,
						0
					],
					[
						4500,
						6,
						0
					],
					[
						4730.76923076923,
						7,
						0
					],
					[
						4846.15384615385,
						5,
						0
					],
					[
						5076.92307692308,
						6,
						0
					],
					[
						4038.46153846154,
						1,
						0
					],
					[
						3923.07692307692,
						3,
						0
					],
					[
						4153.84615384615,
						2,
						0
					],
					[
						4269.23076923077,
						0,
						0
					],
					[
						4384.61538461538,
						3,
						0
					],
					[
						4500,
						1,
						0
					],
					[
						4846.15384615385,
						0,
						0
					],
					[
						4961.53846153846,
						2,
						0
					],
					[
						5076.92307692308,
						3,
						0
					],
					[
						5192.30769230769,
						1,
						0
					],
					[
						5307.69230769231,
						0,
						0
					],
					[
						5423.07692307692,
						0,
						0
					]
				],
				"mustHitSection": true
			},
			{
				"lengthInSteps": 16,
				"sectionNotes": [
					[
						5538.46153846154,
						4,
						0
					],
					[
						5769.23076923077,
						4,
						0
					],
					[
						6000,
						6,
						0
					],
					[
						6346.15384615385,
						6,
						0
					],
					[
						6576.92307692308,
						7,
						0
					],
					[
						6692.30769230769,
						5,
						0
					],
					[
						5769.23076923077,
						3,
						0
					],
					[
						5884.61538461538,
						0,
						0
					],
					[
						6115.38461538462,
						3,
						0
					],
					[
						6230.76923076923,
						1,
						0
					],
					[
						6461.53846153846,
						3,
						0
					],
					[
						6576.92307692308,
						0,
						0
					],
					[
						6807.69230769231,
						3,
						0
					],
					[
						6923.07692307692,
						1,
						0
					],
					[
						6923.07692307692,
						4,
						0
					]
				],
				"mustHitSection": true
			},
			{
				"lengthInSteps": 16,
				"sectionNotes": [
					[
						7384.61538461538,
						4,
						0
					],
					[
						7615.38461538462,
						4,
						0
					],
					[
						7846.15384615385,
						6,
						0
					],
					[
						8192.30769230769,
						6,
						0
					],
					[
						8423.07692307692,
						7,
						0
					],
					[
						8538.46153846154,
						5,
						0
					],
					[
						8769.23076923077,
						6,
						0
					],
					[
						8076.92307692308,
						3,
						0
					],
					[
						8192.30769230769,
						1,
						0
					],
					[
						8307.69230769231,
						0,
						0
					],
					[
						8423.07692307692,
						1,
						0
					],
					[
						8538.46153846154,
						0,
						0
					],
					[
						8653.84615384615,
						3,
						0
					],
					[
						8711.53846153846,
						2,
						0
					],
					[
						8769.23076923077,
						1,
						0
					],
					[
						9000,
						0,
						0
					],
					[
						9115.38461538462,
						0,
						0
					]
				],
				"mustHitSection": false
			},
			{
				"lengthInSteps": 16,
				"sectionNotes": [
					[
						9230.76923076923,
						4,
						0
					],
					[
						9461.53846153846,
						4,
						0
					],
					[
						9692.30769230769,
						6,
						0
					],
					[
						10038.4615384615,
						6,
						0
					],
					[
						10269.2307692308,
						7,
						0
					],
					[
						10384.6153846154,
						5,
						0
					],
					[
						10615.3846153846,
						6,
						0
					],
					[
						9461.53846153846,
						0,
						0
					],
					[
						9576.92307692308,
						3,
						0
					],
					[
						9692.30769230769,
						1,
						0
					],
					[
						9807.69230769231,
						2,
						0
					],
					[
						9923.07692307692,
						2,
						0
					],
					[
						10038.4615384615,
						2,
						0
					],
					[
						10384.6153846154,
						0,
						0
					],
					[
						10500,
						3,
						0
					],
					[
						10615.3846153846,
						2,
						0
					],
					[
						10673.0769230769,
						1,
						0
					],
					[
						10846.1538461538,
						3,
						0
					],
					[
						10961.5384615385,
						1,
						0
					]
				],
				"mustHitSection": false
			},
			{
				"lengthInSteps": 16,
				"sectionNotes": [
					[
						11076.9230769231,
						4,
						0
					],
					[
						11307.6923076923,
						4,
						0
					],
					[
						11538.4615384615,
						6,
						0
					],
					[
						11884.6153846154,
						6,
						0
					],
					[
						12115.3846153846,
						7,
						0
					],
					[
						12230.7692307692,
						5,
						0
					],
					[
						12461.5384615385,
						6,
						0
					],
					[
						11423.0769230769,
						1,
						0
					],
					[
						11307.6923076923,
						3,
						0
					],
					[
						11538.4615384615,
						2,
						0
					],
					[
						11653.8461538462,
						0,
						0
					],
					[
						11769.2307692308,
						3,
						0
					],
					[
						11884.6153846154,
						1,
						0
					],
					[
						12230.7692307692,
						0,
						0
					],
					[
						12346.1538461538,
						2,
						0
					],
					[
						12461.5384615385,
						3,
						0
					],
					[
						12576.9230769231,
						1,
						0
					],
					[
						12692.3076923077,
						0,
						0
					],
					[
						12807.6923076923,
						0,
						0
					]
				],
				"mustHitSection": false
			},
			{
				"lengthInSteps": 16,